{"stats":{"minecraft:mined":{"minecraft:furnace":1,"minecraft:dandelion":1,"treechop:chopped_log":5,"minecraft:crafting_table":2,"minecraft:grass":18,"minecraft:grass_block":5,"minecraft:coal_ore":59,"minecraft:dirt":7,"minecraft:copper_ore":1,"minecraft:stone":118,"minecraft:oak_leaves":10},"minecraft:killed":{"minecraft:sheep":4,"minecraft:zombie":1,"minecraft:pig":1,"minecraft:chicken":5,"minecraft:cow":2},"minecraft:dropped":{"minecraft:wheat_seeds":3,"minecraft:raw_copper":10,"minecraft:wooden_axe":2,"minecraft:oak_sapling":4,"minecraft:wooden_pickaxe":2},"minecraft:used":{"minecraft:wooden_axe":47,"minecraft:rose_bush":2,"minecraft:stone_sword":22,"minecraft:stone_pickaxe":176,"minecraft:wooden_pickaxe":4,"minecraft:stone_axe":30,"minecraft:torch":7,"minecraft:dirt":8,"minecraft:cobblestone":11,"minecraft:crafting_table":3,"minecraft:furnace":1,"minecraft:oak_sapling":1,"minecraft:egg":1,"minecraft:cooked_beef":3,"minecraft:dandelion":1},"minecraft:broken":{"minecraft:stone_pickaxe":1},"minecraft:picked_up":{"minecraft:wooden_axe":1,"minecraft:stick":22,"minecraft:crafting_table":2,"minecraft:feather":8,"minecraft:chicken":5,"minecraft:leather":3,"minecraft:torch":1,"minecraft:dandelion":1,"minecraft:wooden_pickaxe":1,"minecraft:porkchop":3,"minecraft:oak_log":96,"minecraft:dirt":12,"minecraft:raw_copper":10,"minecraft:wheat_seeds":3,"waystones:waystone":1,"minecraft:beef":5,"minecraft:rose_bush":2,"minecraft:light_gray_wool":1,"minecraft:mutton":5,"minecraft:oak_sapling":49,"minecraft:black_wool":1,"minecraft:coal":59,"minecraft:egg":1,"minecraft:white_wool":2,"minecraft:cobblestone":119,"minecraft:furnace":1},"minecraft:crafted":{"minecraft:cooked_beef":3,"minecraft:oak_planks":28,"minecraft:cooked_porkchop":3,"minecraft:crafting_table":2,"minecraft:stick":8,"minecraft:wooden_pickaxe":1,"minecraft:stone_pickaxe":2,"minecraft:wooden_axe":1,"minecraft:stone_sword":1,"minecraft:furnace":1,"minecraft:torch":44,"minecraft:stone_axe":1,"minecraft:air":0},"minecraft:custom":{"minecraft:time_since_rest":32860,"minecraft:interact_with_furnace":8,"minecraft:sprint_one_cm":38221,"minecraft:damage_taken":170,"minecraft:walk_one_cm":106179,"minecraft:mob_kills":13,"minecraft:drop":13,"minecraft:damage_dealt":1026,"minecraft:interact_with_crafting_table":7,"minecraft:fly_one_cm":29721,"minecraft:crouch_one_cm":1980,"minecraft:play_time":32860,"minecraft:sneak_time":766,"minecraft:jump":306,"minecraft:leave_game":1,"minecraft:walk_on_water_one_cm":1276,"minecraft:time_since_death":32860,"minecraft:total_world_time":32860,"minecraft:fall_one_cm":5626}},"DataVersion":3465}