{"stats":{"minecraft:mined":{"minecraft:dandelion":1,"treechop:chopped_log":3,"minecraft:grass":11,"minecraft:grass_block":1,"minecraft:stone":4,"minecraft:oak_leaves":3},"minecraft:killed":{"minecraft:zombie":1,"minecraft:pig":1,"minecraft:cow":1},"minecraft:dropped":{"minecraft:wooden_axe":2,"minecraft:oak_sapling":4,"minecraft:wooden_pickaxe":2},"minecraft:used":{"minecraft:wooden_axe":47,"minecraft:stone_pickaxe":1,"minecraft:wooden_pickaxe":4,"minecraft:dirt":1,"minecraft:crafting_table":1,"minecraft:oak_sapling":1,"minecraft:dandelion":1},"minecraft:picked_up":{"minecraft:wooden_axe":1,"minecraft:stick":13,"minecraft:leather":2,"minecraft:dandelion":1,"minecraft:wooden_pickaxe":1,"minecraft:porkchop":3,"minecraft:oak_log":38,"minecraft:dirt":1,"waystones:waystone":1,"minecraft:beef":3,"minecraft:oak_sapling":29,"minecraft:cobblestone":4},"minecraft:crafted":{"minecraft:oak_planks":28,"minecraft:crafting_table":1,"minecraft:stick":4,"minecraft:wooden_pickaxe":1,"minecraft:stone_pickaxe":1,"minecraft:wooden_axe":1},"minecraft:custom":{"minecraft:time_since_rest":8860,"minecraft:sprint_one_cm":13739,"minecraft:damage_taken":145,"minecraft:walk_one_cm":32099,"minecraft:mob_kills":3,"minecraft:drop":8,"minecraft:damage_dealt":416,"minecraft:interact_with_crafting_table":3,"minecraft:fly_one_cm":10729,"minecraft:crouch_one_cm":1219,"minecraft:play_time":8860,"minecraft:sneak_time":459,"minecraft:jump":117,"minecraft:leave_game":1,"minecraft:time_since_death":8860,"minecraft:total_world_time":8860,"minecraft:fall_one_cm":2301}},"DataVersion":3465}