{"stats":{"minecraft:killed":{"minecraft:zombie":1,"minecraft:pig":1,"minecraft:cow":1},"minecraft:mined":{"minecraft:furnace":1,"minecraft:dandelion":1,"treechop:chopped_log":4,"minecraft:crafting_table":1,"minecraft:grass":13,"minecraft:grass_block":5,"minecraft:coal_ore":23,"minecraft:dirt":7,"minecraft:copper_ore":1,"minecraft:stone":100,"minecraft:oak_leaves":10},"minecraft:dropped":{"minecraft:wooden_axe":2,"minecraft:oak_sapling":4,"minecraft:wooden_pickaxe":2},"minecraft:used":{"minecraft:wooden_axe":47,"minecraft:rose_bush":2,"minecraft:stone_pickaxe":122,"minecraft:wooden_pickaxe":4,"minecraft:stone_axe":23,"minecraft:torch":1,"minecraft:dirt":7,"minecraft:cobblestone":9,"minecraft:crafting_table":2,"minecraft:furnace":1,"minecraft:oak_sapling":1,"minecraft:cooked_beef":2,"minecraft:dandelion":1},"minecraft:picked_up":{"minecraft:wooden_axe":1,"minecraft:stick":21,"minecraft:crafting_table":1,"minecraft:leather":2,"minecraft:dandelion":1,"minecraft:wooden_pickaxe":1,"minecraft:porkchop":3,"minecraft:oak_log":80,"minecraft:dirt":12,"minecraft:raw_copper":5,"minecraft:wheat_seeds":1,"waystones:waystone":1,"minecraft:beef":3,"minecraft:rose_bush":2,"minecraft:oak_sapling":47,"minecraft:coal":23,"minecraft:cobblestone":101,"minecraft:furnace":1},"minecraft:crafted":{"minecraft:cooked_beef":3,"minecraft:oak_planks":28,"minecraft:cooked_porkchop":3,"minecraft:crafting_table":2,"minecraft:stick":8,"minecraft:wooden_pickaxe":1,"minecraft:stone_pickaxe":1,"minecraft:wooden_axe":1,"minecraft:stone_sword":1,"minecraft:furnace":1,"minecraft:torch":44,"minecraft:stone_axe":1,"minecraft:air":0},"minecraft:custom":{"minecraft:time_since_rest":20860,"minecraft:interact_with_furnace":8,"minecraft:sprint_one_cm":23323,"minecraft:damage_taken":145,"minecraft:walk_one_cm":61620,"minecraft:mob_kills":3,"minecraft:drop":8,"minecraft:damage_dealt":416,"minecraft:interact_with_crafting_table":6,"minecraft:fly_one_cm":15655,"minecraft:crouch_one_cm":1817,"minecraft:play_time":20860,"minecraft:sneak_time":703,"minecraft:jump":183,"minecraft:leave_game":1,"minecraft:time_since_death":20860,"minecraft:total_world_time":20860,"minecraft:fall_one_cm":3141}},"DataVersion":3465}