{"stats":{"minecraft:mined":{"minecraft:coarse_dirt":4,"treechop:chopped_log":5,"minecraft:grass":3,"minecraft:dirt":11,"minecraft:sand":14,"minecraft:cobblestone":2,"minecraft:stone":10},"minecraft:killed":{"minecraft:sheep":3,"minecraft:pig":1,"minecraft:chicken":3,"minecraft:player":1},"minecraft:used":{"minecraft:acacia_log":1,"minecraft:wooden_pickaxe":13,"minecraft:stone_axe":70,"minecraft:dirt":1,"minecraft:crafting_table":1,"minecraft:furnace":1,"minecraft:oak_sapling":36,"minecraft:cooked_porkchop":2},"minecraft:picked_up":{"minecraft:stick":32,"minecraft:coarse_dirt":4,"minecraft:chicken":3,"minecraft:feather":4,"minecraft:acacia_log":1,"minecraft:porkchop":3,"minecraft:sand":13,"minecraft:oak_log":109,"minecraft:dirt":40,"minecraft:apple":5,"minecraft:oak_sapling":54,"minecraft:mutton":6,"minecraft:white_wool":3,"minecraft:cobblestone":15},"minecraft:crafted":{"minecraft:oak_planks":12,"minecraft:cooked_porkchop":3,"minecraft:charcoal":3,"minecraft:crafting_table":1,"minecraft:stick":4,"minecraft:wooden_pickaxe":1,"minecraft:stone_pickaxe":1,"minecraft:furnace":1,"minecraft:stone_axe":1,"minecraft:air":0},"minecraft:custom":{"minecraft:time_since_rest":13890,"minecraft:interact_with_furnace":7,"minecraft:sprint_one_cm":24852,"minecraft:damage_taken":185,"minecraft:walk_one_cm":40082,"minecraft:mob_kills":7,"minecraft:damage_dealt":620,"minecraft:interact_with_crafting_table":5,"minecraft:swim_one_cm":4474,"minecraft:player_kills":1,"minecraft:fly_one_cm":20844,"minecraft:play_time":13890,"minecraft:sneak_time":16,"minecraft:walk_under_water_one_cm":2683,"minecraft:jump":155,"minecraft:leave_game":7,"minecraft:time_since_death":13890,"minecraft:walk_on_water_one_cm":5577,"minecraft:total_world_time":13890,"minecraft:fall_one_cm":4238}},"DataVersion":3465}