{"stats":{"minecraft:mined":{"minecraft:coarse_dirt":4,"minecraft:furnace":1,"minecraft:iron_ore":16,"treechop:chopped_log":5,"minecraft:crafting_table":2,"minecraft:grass":3,"minecraft:coal_ore":64,"minecraft:dirt":11,"minecraft:sand":14,"minecraft:cobblestone":2,"minecraft:lapis_ore":2,"minecraft:stone":130},"minecraft:killed":{"minecraft:sheep":3,"minecraft:pig":1,"minecraft:chicken":3,"minecraft:player":1},"minecraft:used":{"minecraft:acacia_log":1,"minecraft:iron_pickaxe":72,"minecraft:stone_pickaxe":131,"minecraft:wooden_pickaxe":13,"minecraft:stone_axe":71,"minecraft:dirt":7,"minecraft:crafting_table":2,"minecraft:furnace":1,"minecraft:oak_sapling":36,"minecraft:cooked_porkchop":3},"minecraft:broken":{"minecraft:stone_pickaxe":1},"minecraft:picked_up":{"minecraft:charcoal":29,"minecraft:raw_iron":16,"minecraft:crafting_table":2,"minecraft:stick":32,"minecraft:coarse_dirt":4,"minecraft:chicken":3,"minecraft:feather":4,"minecraft:acacia_log":1,"minecraft:porkchop":3,"minecraft:sand":13,"minecraft:oak_log":109,"minecraft:lapis_lazuli":9,"minecraft:dirt":40,"minecraft:apple":5,"minecraft:oak_sapling":54,"minecraft:mutton":6,"minecraft:coal":64,"minecraft:white_wool":3,"minecraft:cobblestone":135,"minecraft:furnace":1},"minecraft:crafted":{"minecraft:oak_planks":12,"minecraft:cooked_porkchop":3,"minecraft:charcoal":39,"minecraft:crafting_table":1,"minecraft:cooked_chicken":3,"minecraft:stick":4,"minecraft:iron_pickaxe":1,"minecraft:iron_ingot":9,"minecraft:wooden_pickaxe":1,"minecraft:stone_pickaxe":1,"minecraft:furnace":1,"minecraft:torch":4,"minecraft:stone_axe":1,"minecraft:cooked_mutton":6,"minecraft:air":0},"minecraft:custom":{"minecraft:time_since_rest":25890,"minecraft:interact_with_furnace":34,"minecraft:sprint_one_cm":30661,"minecraft:damage_taken":185,"minecraft:walk_one_cm":60029,"minecraft:mob_kills":7,"minecraft:damage_dealt":620,"minecraft:interact_with_crafting_table":7,"minecraft:swim_one_cm":4474,"minecraft:player_kills":1,"minecraft:fly_one_cm":21645,"minecraft:play_time":25890,"minecraft:sneak_time":19,"minecraft:walk_under_water_one_cm":2683,"minecraft:jump":267,"minecraft:leave_game":7,"minecraft:time_since_death":25890,"minecraft:walk_on_water_one_cm":5577,"minecraft:total_world_time":25890,"minecraft:fall_one_cm":4238}},"DataVersion":3465}