{"stats":{"minecraft:custom":{"minecraft:jump":58,"minecraft:time_since_rest":6695,"minecraft:damage_dealt":126,"minecraft:crouch_one_cm":419,"minecraft:leave_game":4,"minecraft:play_time":6695,"minecraft:sprint_one_cm":7128,"minecraft:damage_taken":140,"minecraft:time_since_death":6695,"minecraft:walk_one_cm":20820,"minecraft:sneak_time":114,"minecraft:total_world_time":6695,"minecraft:mob_kills":1,"minecraft:fall_one_cm":1314,"minecraft:fly_one_cm":4392},"minecraft:mined":{"minecraft:oak_leaves":4},"minecraft:picked_up":{"minecraft:oak_sapling":1},"minecraft:killed":{"minecraft:spider":1}},"DataVersion":3465}