{"stats":{"minecraft:killed_by":{"minecraft:player":1},"minecraft:mined":{"minecraft:coarse_dirt":1,"minecraft:oak_sapling":1,"treechop:chopped_log":6,"minecraft:grass":22,"minecraft:grass_block":5,"minecraft:oak_log":15,"minecraft:rose_bush":2,"minecraft:dirt":13,"minecraft:stripped_oak_log":2,"minecraft:cobblestone":7,"minecraft:tall_grass":1,"minecraft:stone":61,"minecraft:oxeye_daisy":1,"minecraft:oak_leaves":14},"minecraft:killed":{"minecraft:skeleton":1,"minecraft:zombie":12,"minecraft:pig":1,"minecraft:salmon":3,"minecraft:spider":2,"minecraft:cow":4},"minecraft:dropped":{"minecraft:stone_axe":2,"minecraft:wheat_seeds":1,"minecraft:oak_log":5,"minecraft:oak_sapling":11,"minecraft:rotten_flesh":3,"minecraft:oak_planks":2,"minecraft:cobblestone":3,"minecraft:spider_eye":1,"minecraft:wooden_pickaxe":4},"minecraft:used":{"minecraft:rose_bush":2,"minecraft:stone_pickaxe":55,"minecraft:oak_planks":10,"minecraft:wooden_pickaxe":23,"minecraft:rotten_flesh":13,"minecraft:stone_axe":167,"minecraft:dirt":4,"minecraft:cobblestone":23,"minecraft:crafting_table":2,"minecraft:stripped_oak_log":2},"minecraft:broken":{"minecraft:stone_axe":1},"minecraft:picked_up":{"minecraft:stripped_oak_log":2,"minecraft:stick":56,"minecraft:salmon":3,"minecraft:leather":5,"minecraft:wooden_pickaxe":3,"minecraft:porkchop":4,"minecraft:oak_log":150,"minecraft:string":2,"minecraft:spider_eye":1,"minecraft:dirt":17,"minecraft:moss_carpet":1,"minecraft:bone":1,"minecraft:arrow":1,"minecraft:rotten_flesh":19,"minecraft:apple":10,"minecraft:stone_axe":2,"minecraft:wheat_seeds":6,"minecraft:beef":6,"minecraft:stone_pickaxe":1,"minecraft:rose_bush":2,"minecraft:oak_sapling":99,"minecraft:oak_planks":43,"minecraft:cobblestone":62},"minecraft:crafted":{"minecraft:oak_planks":68,"minecraft:crafting_table":2,"minecraft:stick":8,"minecraft:wooden_pickaxe":1,"minecraft:stone_pickaxe":1,"minecraft:stone_axe":3},"minecraft:custom":{"minecraft:time_since_rest":9004,"minecraft:sprint_one_cm":46004,"minecraft:damage_taken":488,"minecraft:walk_one_cm":107569,"minecraft:mob_kills":23,"minecraft:drop":30,"minecraft:damage_dealt":3370,"minecraft:swim_one_cm":2219,"minecraft:interact_with_crafting_table":8,"minecraft:fly_one_cm":58188,"minecraft:crouch_one_cm":14063,"minecraft:play_time":27438,"minecraft:deaths":1,"minecraft:walk_under_water_one_cm":1367,"minecraft:sneak_time":4362,"minecraft:jump":482,"minecraft:walk_on_water_one_cm":1372,"minecraft:time_since_death":8963,"minecraft:total_world_time":27438,"minecraft:fall_one_cm":11219}},"DataVersion":3465}