{"stats":{"minecraft:killed":{"minecraft:zombie":9,"minecraft:spider":1},"minecraft:mined":{"minecraft:coarse_dirt":1,"minecraft:oak_sapling":1,"treechop:chopped_log":5,"minecraft:grass":16,"minecraft:grass_block":3,"minecraft:oak_log":14,"minecraft:rose_bush":2,"minecraft:dirt":10,"minecraft:stripped_oak_log":1,"minecraft:stone":14,"minecraft:oak_leaves":13},"minecraft:dropped":{"minecraft:stone_axe":2,"minecraft:wheat_seeds":1,"minecraft:oak_log":4,"minecraft:spider_eye":1,"minecraft:wooden_pickaxe":4},"minecraft:used":{"minecraft:rose_bush":2,"minecraft:wooden_pickaxe":23,"minecraft:rotten_flesh":4,"minecraft:stone_axe":116,"minecraft:dirt":4,"minecraft:crafting_table":1,"minecraft:stripped_oak_log":1},"minecraft:picked_up":{"minecraft:stripped_oak_log":1,"minecraft:stick":27,"minecraft:wooden_pickaxe":3,"minecraft:oak_log":81,"minecraft:string":1,"minecraft:spider_eye":1,"minecraft:dirt":10,"minecraft:rotten_flesh":11,"minecraft:apple":4,"minecraft:stone_axe":1,"minecraft:wheat_seeds":3,"minecraft:rose_bush":2,"minecraft:oak_sapling":45,"minecraft:cobblestone":14},"minecraft:crafted":{"minecraft:oak_planks":52,"minecraft:crafting_table":1,"minecraft:stick":8,"minecraft:wooden_pickaxe":1,"minecraft:stone_pickaxe":1,"minecraft:stone_axe":2},"minecraft:custom":{"minecraft:time_since_rest":15438,"minecraft:sprint_one_cm":6028,"minecraft:damage_taken":203,"minecraft:walk_one_cm":58821,"minecraft:mob_kills":10,"minecraft:drop":12,"minecraft:damage_dealt":1847,"minecraft:interact_with_crafting_table":7,"minecraft:fly_one_cm":1888,"minecraft:crouch_one_cm":7286,"minecraft:play_time":15438,"minecraft:sneak_time":2249,"minecraft:jump":107,"minecraft:time_since_death":15438,"minecraft:total_world_time":15438,"minecraft:fall_one_cm":2719}},"DataVersion":3465}