{"stats":{"minecraft:killed_by":{"minecraft:player":1,"minecraft:zombie":1},"minecraft:killed":{"minecraft:pig":1,"minecraft:salmon":3,"naturalist:butterfly":1,"minecraft:spider":2,"minecraft:skeleton":1,"minecraft:zombie":12,"minecraft:cow":8},"minecraft:mined":{"minecraft:oak_sapling":1,"minecraft:mossy_cobblestone":1,"minecraft:grass_block":8,"minecraft:rose_bush":2,"minecraft:tall_grass":2,"minecraft:cobblestone":13,"minecraft:oxeye_daisy":1,"minecraft:coarse_dirt":1,"minecraft:iron_ore":8,"treechop:chopped_log":7,"minecraft:grass":23,"minecraft:coal_ore":3,"minecraft:oak_log":18,"minecraft:lantern":2,"minecraft:gravel":1,"minecraft:dirt":15,"minecraft:stripped_oak_log":2,"betterarcheology:loot_vase":1,"minecraft:stone":97,"minecraft:oak_leaves":14},"minecraft:dropped":{"minecraft:stone_axe":2,"minecraft:wheat_seeds":7,"minecraft:oak_log":5,"minecraft:cobblestone":3,"minecraft:rotten_flesh":3,"minecraft:oak_planks":2,"minecraft:oak_sapling":11,"minecraft:spider_eye":1,"minecraft:stone_pickaxe":1,"minecraft:wooden_pickaxe":4,"minecraft:string":1},"minecraft:used":{"minecraft:rose_bush":2,"minecraft:stone_pickaxe":81,"minecraft:oak_planks":10,"minecraft:wooden_pickaxe":56,"minecraft:rotten_flesh":13,"minecraft:dirt":5,"minecraft:crafting_table":4,"minecraft:oak_log":2,"minecraft:apple":2,"minecraft:lantern":2,"minecraft:stone_axe":197,"minecraft:cobblestone":37,"minecraft:furnace":2,"minecraft:stripped_oak_log":2},"minecraft:broken":{"minecraft:stone_axe":1},"minecraft:picked_up":{"minecraft:stripped_oak_log":2,"minecraft:salmon":6,"minecraft:leather":24,"minecraft:wooden_pickaxe":3,"minecraft:oak_log":225,"minecraft:moss_carpet":2,"minecraft:dirt":26,"minecraft:string":2,"minecraft:lantern":5,"minecraft:bone":2,"minecraft:apple":15,"minecraft:wheat_seeds":9,"minecraft:stone_pickaxe":3,"minecraft:beef":22,"minecraft:rose_bush":4,"minecraft:oak_planks":86,"minecraft:raw_iron":10,"minecraft:stick":86,"betterarcheology:artifact_shards":1,"minecraft:gravel":2,"minecraft:porkchop":6,"minecraft:redstone":4,"minecraft:spider_eye":1,"minecraft:arrow":2,"minecraft:rotten_flesh":19,"minecraft:stone_axe":3,"minecraft:oak_sapling":146,"minecraft:coal":10,"minecraft:cobblestone":113},"minecraft:crafted":{"minecraft:oak_planks":80,"minecraft:crafting_table":4,"minecraft:wooden_pickaxe":2,"minecraft:furnace":2,"minecraft:stone_axe":3,"minecraft:stick":12,"minecraft:stone_pickaxe":1},"minecraft:custom":{"minecraft:interact_with_furnace":2,"minecraft:mob_kills":28,"minecraft:interact_with_crafting_table":13,"minecraft:time_since_death":5789,"minecraft:time_since_rest":5876,"minecraft:sprint_one_cm":86515,"minecraft:damage_taken":693,"minecraft:walk_one_cm":136885,"minecraft:drop":38,"minecraft:damage_dealt":4076,"minecraft:swim_one_cm":2219,"minecraft:fly_one_cm":100700,"minecraft:crouch_one_cm":20606,"minecraft:play_time":39438,"minecraft:deaths":2,"minecraft:sneak_time":7478,"minecraft:walk_under_water_one_cm":2655,"minecraft:jump":698,"minecraft:walk_on_water_one_cm":5406,"minecraft:total_world_time":39438,"minecraft:fall_one_cm":15943}},"DataVersion":3465}