{"stats":{"minecraft:mined":{"minecraft:grass":5,"minecraft:grass_block":2,"minecraft:oak_log":7,"minecraft:oak_sapling":1,"minecraft:dirt":3,"minecraft:stone":14,"minecraft:oak_leaves":9},"minecraft:dropped":{"minecraft:oak_log":4},"minecraft:used":{"minecraft:dirt":4,"minecraft:wooden_pickaxe":18},"minecraft:picked_up":{"minecraft:wooden_pickaxe":1,"minecraft:oak_log":10,"minecraft:oak_sapling":3,"minecraft:dirt":5,"minecraft:cobblestone":14},"minecraft:crafted":{"minecraft:oak_planks":24,"minecraft:stick":4,"minecraft:wooden_pickaxe":1},"minecraft:custom":{"minecraft:time_since_rest":3438,"minecraft:crouch_one_cm":3162,"minecraft:play_time":3438,"minecraft:sprint_one_cm":501,"minecraft:damage_taken":48,"minecraft:walk_one_cm":14498,"minecraft:sneak_time":1193,"minecraft:drop":4,"minecraft:jump":19,"minecraft:time_since_death":3438,"minecraft:total_world_time":3438,"minecraft:interact_with_crafting_table":2,"minecraft:fall_one_cm":838,"minecraft:fly_one_cm":83}},"DataVersion":3465}