{"stats":{"minecraft:killed_by":{"graveyard:skeleton_creeper":1},"minecraft:killed":{"minecraft:zombie":1},"minecraft:mined":{"minecraft:grass":5,"minecraft:oak_log":1,"minecraft:coarse_dirt":2,"minecraft:dirt":1,"treechop:chopped_log":5},"minecraft:dropped":{"minecraft:moss_carpet":2},"minecraft:used":{"minecraft:rotten_flesh":3,"minecraft:stone_axe":29,"minecraft:apple":2,"minecraft:wooden_pickaxe":30},"minecraft:broken":{"minecraft:wooden_pickaxe":1},"minecraft:picked_up":{"minecraft:stick":28,"minecraft:coarse_dirt":2,"minecraft:rotten_flesh":3,"minecraft:apple":2,"minecraft:stone_axe":1,"minecraft:wheat_seeds":1,"minecraft:wooden_pickaxe":1,"minecraft:oak_log":138,"minecraft:oak_sapling":61,"minecraft:moss_carpet":3},"minecraft:crafted":{"minecraft:oak_planks":8,"minecraft:wooden_pickaxe":1},"minecraft:custom":{"minecraft:time_since_rest":2567,"minecraft:deaths":1,"minecraft:play_time":17338,"minecraft:sprint_one_cm":17737,"minecraft:damage_taken":645,"minecraft:walk_one_cm":34510,"minecraft:mob_kills":1,"minecraft:drop":2,"minecraft:jump":124,"minecraft:damage_dealt":360,"minecraft:time_since_death":2535,"minecraft:total_world_time":17338,"minecraft:interact_with_crafting_table":4,"minecraft:fall_one_cm":4079,"minecraft:fly_one_cm":16644}},"DataVersion":3465}