{"stats":{"minecraft:mined":{"minecraft:grass":2,"minecraft:oak_log":1,"treechop:chopped_log":1},"minecraft:picked_up":{"minecraft:stick":2,"minecraft:oak_log":6,"minecraft:oak_sapling":1},"minecraft:custom":{"minecraft:jump":36,"minecraft:time_since_rest":5338,"minecraft:damage_dealt":24,"minecraft:sprint_one_cm":4068,"minecraft:play_time":5338,"minecraft:damage_taken":20,"minecraft:time_since_death":5338,"minecraft:walk_one_cm":7283,"minecraft:total_world_time":5338,"minecraft:fall_one_cm":1507,"minecraft:fly_one_cm":6437}},"DataVersion":3465}