{"stats":{"minecraft:killed_by":{"graveyard:skeleton_creeper":1,"minecraft:creeper":1},"minecraft:killed":{"minecraft:zombie":3,"minecraft:pig":2,"minecraft:chicken":1,"minecraft:spider":1},"minecraft:mined":{"minecraft:podzol":1,"minecraft:coarse_dirt":3,"minecraft:furnace":1,"minecraft:brown_carpet":2,"treechop:chopped_log":5,"minecraft:grass":18,"minecraft:coal_ore":24,"minecraft:grass_block":1,"minecraft:oak_log":1,"minecraft:dirt":4,"minecraft:cobblestone":1,"minecraft:cracked_stone_bricks":1,"minecraft:stone_bricks":1,"minecraft:stone":68,"minecraft:oak_leaves":5},"minecraft:dropped":{"minecraft:moss_carpet":2},"minecraft:used":{"minecraft:stone_sword":34,"minecraft:apple":2,"minecraft:stone_pickaxe":85,"minecraft:wooden_pickaxe":44,"minecraft:rotten_flesh":6,"minecraft:stone_axe":29,"minecraft:brown_carpet":2,"minecraft:dirt":4,"minecraft:cobblestone":15,"minecraft:crafting_table":2,"minecraft:furnace":1,"minecraft:cooked_porkchop":2,"minecraft:egg":2,"minecraft:coarse_dirt":1},"minecraft:broken":{"minecraft:wooden_pickaxe":1},"minecraft:picked_up":{"minecraft:chicken":1,"minecraft:stick":28,"minecraft:coarse_dirt":3,"minecraft:feather":2,"minecraft:wooden_pickaxe":2,"minecraft:porkchop":4,"minecraft:oak_log":202,"minecraft:dirt":34,"minecraft:moss_carpet":3,"minecraft:brown_carpet":2,"minecraft:stone_sword":1,"minecraft:stone_bricks":1,"minecraft:rotten_flesh":6,"minecraft:apple":2,"minecraft:cracked_stone_bricks":1,"minecraft:stone_axe":1,"minecraft:wheat_seeds":3,"minecraft:stone_pickaxe":1,"minecraft:oak_sapling":103,"minecraft:oak_planks":9,"minecraft:coal":24,"minecraft:egg":2,"minecraft:cobblestone":89,"minecraft:furnace":1},"minecraft:crafted":{"minecraft:oak_planks":28,"minecraft:cooked_porkchop":2,"minecraft:crafting_table":2,"minecraft:stick":8,"minecraft:wooden_pickaxe":2,"minecraft:stone_pickaxe":1,"minecraft:stone_sword":1,"minecraft:furnace":1,"minecraft:stone_axe":1,"minecraft:air":0},"minecraft:custom":{"minecraft:time_since_rest":4851,"minecraft:interact_with_furnace":3,"minecraft:sprint_one_cm":78896,"minecraft:walk_one_cm":85776,"minecraft:damage_taken":951,"minecraft:mob_kills":7,"minecraft:drop":2,"minecraft:damage_dealt":973,"minecraft:open_chest":1,"minecraft:interact_with_crafting_table":10,"minecraft:fly_one_cm":48936,"minecraft:crouch_one_cm":1080,"minecraft:play_time":41338,"minecraft:deaths":2,"minecraft:sneak_time":428,"minecraft:jump":391,"minecraft:time_since_death":20136,"minecraft:sleep_in_bed":1,"minecraft:climb_one_cm":4721,"minecraft:total_world_time":41338,"minecraft:fall_one_cm":8954}},"DataVersion":3465}